GCA,1,Ala
GCC,0.346604215456674,Ala
GCG,0.292740046838407,Ala
GCT,0.782201405152225,Ala
AGA,1,Arg
AGG,0.576152304609219,Arg
CGA,0.133266533066132,Arg
CGC,0.0691382765531062,Arg
CGG,0.102204408817635,Arg
CGT,0.0901803607214429,Arg
AAC,0.382314694408322,Asn
AAT,1,Asn
GAC,0.606635071090047,Asp
GAT,1,Asp
TGC,0.882352941176471,Cys
TGT,1,Cys
CAA,1,Gln
CAG,0.707105719237435,Gln
GAA,1,Glu
GAG,0.551090700344432,Glu
GGA,1,Gly
GGC,0.552915766738661,Gly
GGG,0.416846652267819,Gly
GGT,0.751619870410367,Gly
CAC,0.689655172413793,His
CAT,1,His
ATA,1,Ile
ATC,0.296998420221169,Ile
ATT,0.895734597156398,Ile
CTA,0.447841726618705,Leu
CTC,0.267985611510791,Leu
CTG,0.429856115107914,Leu
CTT,0.571942446043165,Leu
TTA,1,Leu
TTG,0.863309352517986,Leu
AAA,1,Lys
AAG,0.665478312537136,Lys
ATG,1,Met/Start
TTC,0.434362934362934,Phe
TTT,1,Phe
CCA,1,Pro
CCC,0.221719457013575,Pro
CCG,0.262443438914027,Pro
CCT,0.891402714932127,Pro
AGC,0.849137931034483,Ser
AGT,1,Ser
TCA,0.767566688353936,Ser
TCC,0.456245933636955,Ser
TCG,0.238858165256994,Ser
TCT,0.386467143786597,Ser
TAA,1,Stop
TAG,0.574728260869565,Stop
TGA,0.591032608695652,Stop
ACA,1,Thr
ACC,0.401015228426396,Thr
ACG,0.309644670050761,Thr
ACT,0.710659898477157,Thr
TGG,1,Trp
TAC,0.542094455852156,Tyr
TAT,1,Tyr
GTA,1,Val
GTC,0.269067796610169,Val
GTG,0.603813559322034,Val
GTT,0.794491525423729,Val
